{
  "project_info": {
    "project_number": "348348084175",
    "firebase_url": "https://daily-shopping-list-52ca6.firebaseio.com",
    "project_id": "daily-shopping-list-52ca6",
    "storage_bucket": "daily-shopping-list-52ca6.appspot.com"
  },
  "client": [
    {
      "client_info": {
        "mobilesdk_app_id": "1:348348084175:android:51c4a3e3059cfd19e3acba",
        "android_client_info": {
          "package_name": "com.example.dailyshoppinglist"
        }
      },
      "oauth_client": [
        {
          "client_id": "348348084175-spt14sfeqt3drmjj8easrnvjakn12t6m.apps.googleusercontent.com",
          "client_type": 3
        }
      ],
      "api_key": [
        {
          "current_key": "AIzaSyA8uAy8YI4JnyKKexBed9LmWxCNpywYXZw"
        }
      ],
      "services": {
        "appinvite_service": {
          "other_platform_oauth_client": [
            {
              "client_id": "348348084175-spt14sfeqt3drmjj8easrnvjakn12t6m.apps.googleusercontent.com",
              "client_type": 3
            }
          ]
        }
      }
    }
  ],
  "configuration_version": "1"
}